model,feature,name,description,type,sources
mistral,Play playlist on shuffle mode,Shuffle Mode Availability,The app must support playing playlists in shuffle mode.,Boolean [1],"App store descriptions, official app websites, tech reviews"
mistral,Play playlist on shuffle mode,Music Library Size,The total number of songs available in the app's library.,Integer [1],"Official app websites, tech blogs, music industry reports"
mistral,Play playlist on shuffle mode,User Interface and Experience,"The ease of use and navigation within the app, including the shuffle feature accessibility.",Text [1],"User reviews, tech reviews, app store ratings"
mistral,Play playlist on shuffle mode,Platform Availability,"The number of platforms the app is available on (iOS, Android, Web, Desktop, etc.).",Integer [1],"App store listings, official app websites"
mistral,Play playlist on shuffle mode,User Base and Popularity,The number of active users and the app's overall popularity.,Integer [1],"App store download statistics, market analysis reports"
mistral,Play playlist on shuffle mode,Additional Features,"The availability of additional features like offline downloads, social sharing, lyrics display, etc.",Text [*],"App store descriptions, official app websites, user reviews"
mistral,Play playlist on shuffle mode,Shuffle Mode Availability,The app must support shuffle mode for playlists.,Boolean [1],"App store descriptions, official app websites, user reviews"
mistral,Play playlist on shuffle mode,Music Library Size,The total number of songs available in the app's library.,Integer [1],"Official app websites, tech reviews, app store descriptions"
mistral,Play playlist on shuffle mode,User Interface and Experience,The ease of use and navigability of the app's interface.,Text [1],"User reviews, tech blogs, app store ratings"
mistral,Play playlist on shuffle mode,Playlist Features,The availability and quality of playlist creation and management features.,Text [1],"App store descriptions, official app websites, user reviews"
mistral,Play playlist on shuffle mode,Platform Availability,"The number of platforms the app is available on (iOS, Android, Web, etc.).",Integer [1],"App store descriptions, official app websites"
mistral,Play playlist on shuffle mode,User Ratings,The average rating of the app on various app stores.,Float [1],"App store ratings, user reviews"
mistral,Play playlist on shuffle mode,Subscription Cost,"The cost of premium subscription plans, if applicable.",Float [1],"Official app websites, app store descriptions"
mistral,Play playlist on shuffle mode,Offline Mode,The ability to download songs and playlists for offline listening.,Boolean [1],"App store descriptions, official app websites, user reviews"
mistral,Play playlist on shuffle mode,Shuffle Mode Availability,The app must support shuffle mode for playlists.,Boolean[1],"App store descriptions, official app websites, user reviews"
mistral,Play playlist on shuffle mode,Music Library Size,The total number of songs available in the app's library.,Integer[1],"Official app websites, tech reviews, app store descriptions"
mistral,Play playlist on shuffle mode,User Interface and Experience,"The ease of use and navigation within the app, including the shuffle feature.",Text[1],"User reviews, tech reviews, app store ratings"
mistral,Play playlist on shuffle mode,Platform Availability,"The number of platforms the app is available on (iOS, Android, Web, etc.).",Integer[1],"App store descriptions, official app websites"
mistral,Play playlist on shuffle mode,User Ratings,The average rating given by users on app stores.,Float[1],App store ratings
mistral,Play playlist on shuffle mode,Shuffle Mode Availability,The app must support playing playlists in shuffle mode.,Boolean [1],"App store descriptions, official app websites, user reviews"
mistral,Play playlist on shuffle mode,Music Library Size,The total number of songs available in the app's library.,Integer [1],"Official app websites, industry reports, user reviews"
mistral,Play playlist on shuffle mode,User Interface and Experience,The ease of use and overall user experience of the app.,Text [1],"User reviews, app store ratings, expert reviews"
mistral,Play playlist on shuffle mode,Platform Availability,"The number of platforms (iOS, Android, Web, etc.) the app is available on.",Integer [1],"App store listings, official app websites"
mistral,Play playlist on shuffle mode,Subscription Cost,"The cost of premium subscription plans, if applicable.",Float [1],"Official app websites, app store listings"
mistral,Play playlist on shuffle mode,Shuffle Mode Availability,The app must have a shuffle mode feature to play playlists randomly.,"Boolean, [1]","App Store descriptions, official app websites, tech reviews"
mistral,Play playlist on shuffle mode,Music Library Size,The total number of songs available in the app's library.,"Integer, [1]","Official app websites, tech blogs, music industry reports"
mistral,Play playlist on shuffle mode,User Interface and Experience,"The ease of use and navigation within the app, including the shuffle mode feature.","Text, [1]","User reviews, tech reviews, app store ratings"
mistral,Play playlist on shuffle mode,Platform Availability,"The number of platforms the app is available on (iOS, Android, Web, etc.).","Integer, [1]","App Store, Google Play Store, official app websites"
mistral,Play playlist on shuffle mode,Subscription Cost,"The cost of premium subscription plans, if applicable.","Float, [1]","Official app websites, tech blogs, user reviews"
mistral,Play playlist on shuffle mode,Shuffle Mode Availability,The app must have a shuffle mode feature to play playlists randomly.,"Boolean, [1]","App Store descriptions, official app websites, tech reviews"
mistral,Play playlist on shuffle mode,Library Size,The total number of songs available in the app's library.,"Integer, [1]","Official app websites, tech blogs, news articles"
mistral,Play playlist on shuffle mode,User Interface,"The ease of use and navigation within the app, including the accessibility of the shuffle feature.","Text, [1]","User reviews, tech reviews, app store ratings"
mistral,Play playlist on shuffle mode,Audio Quality,The quality of the audio playback offered by the app.,"Text, [1]","Official app websites, tech reviews, user forums"
mistral,Play playlist on shuffle mode,Platform Compatibility,"The availability of the app across different platforms such as iOS, Android, Web, etc.","Text, [1]","App Store descriptions, official app websites"
mistral,Play playlist on shuffle mode,User Ratings,The average rating given by users on app stores.,"Float, [1]","App Store ratings, Google Play ratings"
mistral,Play playlist on shuffle mode,Subscription Cost,The cost of premium subscriptions if applicable.,"Float, [1]","Official app websites, app store listings"
mistral,Play playlist on shuffle mode,Offline Playback,The ability to download songs and playlists for offline listening.,"Boolean, [1]","App Store descriptions, official app websites"
mistral,Play playlist on shuffle mode,Social Features,"The availability of social features such as sharing playlists, following friends, etc.","Text, [1]","Official app websites, tech reviews"
mistral,Play playlist on shuffle mode,Integration with Other Services,"The app's ability to integrate with other services and devices, such as smart speakers, wearables, etc.","Text, [1]","Official app websites, tech reviews"
mistral,Play playlist on shuffle mode,Shuffle Mode Availability,The app must support shuffle mode for playlists.,"Boolean, [1]","App store descriptions, official app websites, user reviews"
mistral,Play playlist on shuffle mode,Music Library Size,The total number of songs available in the app's library.,"Integer, [1]","Official app websites, tech reviews, news articles"
mistral,Play playlist on shuffle mode,User Interface and Experience,The ease of use and navigability of the app's interface.,"Text, [1]","User reviews, tech blogs, app store ratings"
mistral,Play playlist on shuffle mode,Platform Compatibility,"The number of platforms the app is compatible with (iOS, Android, Web, etc.).","Integer, [1]","App store descriptions, official app websites"
mistral,Play playlist on shuffle mode,User Ratings,The average rating given by users on app stores.,"Float, [1]","App store ratings, user review websites"
mistral,Play playlist on shuffle mode,Additional Features,"The availability of additional features like offline downloads, social sharing, etc.","Text, [*]","App store descriptions, official app websites, user reviews"
mistral,Play playlist on shuffle mode,Shuffle Mode Availability,The app must have a shuffle mode feature to play playlists randomly.,"Boolean, [1]","App store descriptions, official app websites, tech reviews"
mistral,Play playlist on shuffle mode,Library Size,The total number of songs available in the app's library.,"Integer, [1]","Official app websites, tech blogs, music industry reports"
mistral,Play playlist on shuffle mode,User Interface,"The ease of use and navigation within the app, including accessing shuffle mode.","Text, [1]","User reviews, tech reviews, app store ratings"
mistral,Play playlist on shuffle mode,Streaming Quality,The audio quality options available for streaming music.,"Text, [1]","Official app websites, tech specifications, user reviews"
mistral,Play playlist on shuffle mode,Platform Availability,"The number of platforms the app is available on (iOS, Android, Web, Desktop, etc.).","Integer, [1]","App store listings, official app websites"
mistral,Play playlist on shuffle mode,User Ratings,The average rating of the app on various app stores.,"Float, [1]","App store listings, review aggregation sites"
mistral,Play playlist on shuffle mode,Unique Features,"Any unique features that enhance the shuffle mode experience, such as smart playlists or personalized recommendations.","Text, [1]","Official app websites, tech reviews, user feedback"
mistral,Play playlist on shuffle mode,Shuffle Mode Availability,The app must support shuffle mode for playlists.,Boolean[1],"App Store descriptions, official app websites, user reviews"
mistral,Play playlist on shuffle mode,Music Library Size,The total number of songs available in the app's library.,Integer[1],"Official app websites, tech reviews, news articles"
mistral,Play playlist on shuffle mode,User Interface and Experience,The ease of use and overall user experience of the app.,Text[1],"User reviews, tech reviews, app store ratings"
mistral,Play playlist on shuffle mode,Platform Availability,"The number of platforms the app is available on (iOS, Android, Web, etc.).",Integer[1],"App Store descriptions, official app websites"
mistral,Play playlist on shuffle mode,Subscription Cost,"The cost of the app's subscription plans, if any.",Float[1],"Official app websites, tech reviews"
mistral,Play playlist on shuffle mode,Shuffle Mode Availability,The app must support shuffle mode for playlists.,"Boolean, [1]","App store descriptions, official app websites, user reviews"
mistral,Play playlist on shuffle mode,Music Library Size,The total number of songs available in the app's library.,"Integer, [1]","Official app websites, tech reviews, news articles"
mistral,Play playlist on shuffle mode,User Interface and Experience,"The ease of use and navigability of the app's interface, including shuffle mode accessibility.","Text, [1]","User reviews, tech blogs, expert opinions"
mistral,Play playlist on shuffle mode,Platform Availability,"The number of platforms the app is available on (iOS, Android, Web, etc.).","Integer, [1]","App store listings, official app websites"
mistral,Play playlist on shuffle mode,User Ratings,The average rating of the app across various app stores and review platforms.,"Float, [1]","App store listings, user review websites"
mistral,Play playlist on shuffle mode,Unique Features,"Any unique features that set the app apart from competitors, such as personalized recommendations or exclusive content.","Text, [*]","Official app websites, tech reviews, user feedback"
